month,commerce_revenue,industry_revenue,service_revenue,payroll,costs,expenses,current_tax_paid
2026-01,25000,0,95000,32000,18000,19000,13700
2026-02,27000,0,101000,32500,18500,19500,14600
2026-03,29000,0,108000,33000,19000,19800,15600
2026-04,31000,0,112000,33500,19500,20100,16300
2026-05,33000,0,118000,34000,20500,20500,17200
2026-06,35000,0,122000,34500,21000,21000,17900
2026-07,32000,0,109000,35000,19800,20700,16100
2026-08,34000,0,116000,35500,20500,21200,17100
2026-09,36000,0,125000,36000,21500,21600,18400
2026-10,38000,0,132000,36500,22500,22200,19400
2026-11,40000,0,139000,37000,23500,22900,20400
2026-12,43000,0,149000,38000,25000,23800,21900
